chisq,a1,a2,c,b1,b2,alpha,beta,r,bg,ct
28.708174461511266,0.1933943700789321,-4.1833260290166026,2.942519883371331,-1.7547622375322178,-7.105170013232622,69.85304176654971,0.012336,1.0,0.0,3.2525255984554367
29.708022754478208,-0.3126973161538712,-4.383538063761449,2.9051259013109054,-1.4539497967080837,-7.171401696360949,69.52012221257549,0.012336,1.0,0.0,3.239461527259234
29.70828836109066,0.773280046765855,-3.934405223492128,3.037708735962201,-2.175636409636446,-6.992807425050628,68.42548239544627,0.012336,1.0,0.0,3.3601763343951054
29.708174575043188,0.21379670727364852,-4.349140626328199,3.3007924359655596,-1.9507194219110342,-6.989475050452318,67.73409419644408,0.012336,1.0,0.0,3.3828146988955012
29.708194702119727,0.6859261917936232,-3.866827766829376,3.094191351323909,-2.2494805681979004,-6.96575347973019,66.30883328186346,0.012336,1.0,0.0,3.479807725552675
29.70816605461877,0.087096979744058,-4.807329324823722,3.0295830813948985,-1.6416549049419,-7.478723839136028,71.55444977540591,0.012336,1.0,0.0,3.1619323111531106
29.199219545352943,0.10395908454939862,-4.317967079886695,3.0474010380442427,-1.7841004750467508,-6.715758961678987,68.90131154283407,0.012336,1.0,0.0,3.3056829283460996
29.707830068013983,0.2395629304407807,-4.009915512801072,2.9882202311951778,-1.9492839773835091,-6.990605403232141,62.434906347053754,0.012336,1.0,0.0,3.6559778302247334
29.708174160639903,0.1207005642156167,-4.380618828363675,2.87215201121218,-1.544232815695778,-7.218788211160507,77.99830638088005,0.012336,1.0,0.0,2.8848459170220013
29.70827270861692,0.2918440177599073,-3.9795131725936903,3.009500298447767,-2.0035650837353614,-6.98135626712813,62.52213364909677,0.012336,1.0,0.0,3.660605879132587
29.714700205168565,0.4326007295377134,-4.435459814767848,3.1012635061328977,-1.9791776436469724,-6.7157590841098855,69.27550834773675,0.012336,1.0,0.0,3.305943921619585
29.708099947567305,0.6776780107610009,-3.638184476514657,2.9908385306095475,-2.1536674679299064,-6.817135486950039,67.61954892532171,0.012336,1.0,0.0,3.399979731591095
29.72426910139537,0.3910423888351758,-3.5064890688862267,2.8952037789500293,-1.969283196985768,-6.715762403509363,67.18509445928886,0.012336,1.0,0.0,3.4045808390660923
29.708202100388416,0.0975694277285929,-3.599991300528656,2.880320351606048,-1.7780432166824265,-6.765825827335686,67.57742669886348,0.012336,1.0,0.0,3.3681608315234075
29.708176556179012,-0.12351187423697568,-3.814448998324724,2.8672430632187313,-1.618360622730751,-6.87293034379716,68.09663159998036,0.012336,1.0,0.0,3.3267279289792686
29.70801987817493,-0.3126973161538712,-4.383369988383063,2.9051909795389337,-1.4539882630834073,-7.171229041247894,69.51648174090174,0.012336,1.0,0.0,3.239648716938506
29.708203052822434,-0.2735914795762676,-4.321468837699896,2.7818215436508336,-1.4239253336395286,-7.1330253201310505,70.1106908373813,0.012336,1.0,0.0,3.204461274685306
29.70826271708306,-0.1728983842305858,-4.25160070691913,2.700518501177088,-1.4486813424276743,-7.081041353482368,70.42369584081727,0.012336,1.0,0.0,3.189252567782202
29.708187117362506,-0.053956676073596124,-4.189180092169781,2.6630611050892616,-1.5020717789380789,-7.037028234176481,70.52014400377624,0.012336,1.0,0.0,3.1886222449152957
29.708041504930883,0.07031793423537816,-4.130782317383754,2.652765101323945,-1.572047479058237,-7.000140897982272,70.4407366760795,0.012336,1.0,0.0,3.198614684265764
29.708265455449144,0.27869326093475605,-4.043922246583558,2.6772848731403442,-1.7086308515517374,-6.95511682240644,70.15769373664341,0.012336,1.0,0.0,3.2255508482871953
29.70821172646263,0.4779472014225669,-3.9667045754072956,2.743006735462411,-1.8640083866486024,-6.927333474557304,69.54756416650605,0.012336,1.0,0.0,3.270507250724796
29.708324540718156,0.5737980911201913,-3.937923454588929,2.792258893586435,-1.9451091220468197,-6.924362971926737,69.30276319905956,0.012336,1.0,0.0,3.2907825348154915
29.70816749199841,0.6620789154373083,-3.9160995636917377,2.854062325478122,-2.0284433402672475,-6.929291283682315,69.00677124576197,0.012336,1.0,0.0,3.3145747433311765
29.708187772738835,0.7370540445078055,-3.9115422740046446,2.9343779486976063,-2.1098178462570454,-6.950048248653166,68.74140660726479,0.012336,1.0,0.0,3.3367335662823523
29.70818267773065,0.773280046765855,-3.937002810703669,3.038106180499135,-2.175588577386258,-6.994395295357368,68.44152022272829,0.012336,1.0,0.0,3.3596899746367064
29.708149384877892,0.74665210589365,-3.986142220717007,3.1199906030760887,-2.191033862693488,-7.043602755396378,68.28870891009937,0.012336,1.0,0.0,3.3706218783814146
29.708204515398908,0.6844185988085362,-4.042050166223893,3.1794977160269093,-2.1763203882651325,-7.086366509050796,68.20182138245146,0.012336,1.0,0.0,3.3752692525324237
29.70820063706605,0.531911237252329,-4.143571005404186,3.2475376155207907,-2.109899088971938,-7.1364195497497205,67.98886344446258,0.012336,1.0,0.0,3.38181886024125
29.708185878804485,0.37551074759584885,-4.238661484263662,3.2809491931276167,-2.0304135624559496,-7.138256341154803,67.78901149663731,0.012336,1.0,0.0,3.3858047959703734
29.70831378629561,0.21681704136703145,-4.348881716161485,3.3007924359655596,-1.950944423828404,-6.989331516128712,67.80182894275138,0.012336,1.0,0.0,3.379492552865568
29.708176251265826,0.03863049537120404,-4.420706775561096,3.2779795810249683,-1.8338549017185874,-7.003403995109235,67.9098565899916,0.012336,1.0,0.0,3.3638045302102726
29.708272822717436,-0.12736359020284693,-4.461410173751186,3.209300362342035,-1.7049616799152592,-7.013924154511724,68.13750533962589,0.012336,1.0,0.0,3.3392793158323397
29.708179374956767,-0.2565915986581844,-4.437897730603289,3.0795271712820926,-1.5681853520904638,-7.127562699405325,68.50078951167927,0.012336,1.0,0.0,3.304442331877294
29.708153408205884,-0.2966462196809793,-4.413914590089173,2.996221540667531,-1.5045488654386707,-7.171225882837567,68.99943068454121,0.012336,1.0,0.0,3.2720115820345415
29.708027695870545,-0.3126973161538712,-4.384233944683992,2.905128370475603,-1.4539143647047241,-7.171341320782665,69.51059582969131,0.012336,1.0,0.0,3.2398887324942613
29.708105172890612,-0.29222322609646767,-4.339060012275491,2.9725447481350824,-1.535770594923507,-7.132411876345619,68.11979559767722,0.012336,1.0,0.0,3.3198023295795576
29.727597077095943,-0.2517057444394108,-4.392817282822923,3.0619326215065747,-1.6097838671757125,-6.923399555527306,67.62266684048373,0.012336,1.0,0.0,3.3542955427072068
29.708174404559447,-0.1517389936779171,-4.303119896379175,3.1160030281984668,-1.744029620788045,-6.844849710573049,66.45517483096624,0.012336,1.0,0.0,3.4309716370167194
29.708131032490705,-0.03321123931721473,-4.229330461462523,3.152838640499888,-1.8604203979751435,-6.7994581105987235,65.85495959602318,0.012336,1.0,0.0,3.4752920932414737
29.708189849249266,0.09693634966559435,-4.172374232104058,3.1786146408687124,-1.9636543393411965,-6.767110914581536,65.56936049558358,0.012336,1.0,0.0,3.500248009216836
29.708745839785962,0.2354586289275563,-4.129800494925874,3.191117347802843,-2.051652699070222,-6.734443524268667,65.6357427345931,0.012336,1.0,0.0,3.504008094845708
29.714513754043644,0.38637280736327695,-4.118076070783393,3.1909337293250593,-2.116127840900229,-6.715842672130132,66.11281946893396,0.012336,1.0,0.0,3.4822383951892455
29.7081744185904,0.5237029286848578,-3.877882604061994,3.1180502250291164,-2.209762241797469,-6.9689298968640125,65.36706958575216,0.012336,1.0,0.0,3.5298075700235767
29.708232493370712,0.6851012490030507,-3.8682728943290337,3.0954127164445273,-2.2494805681979004,-6.9668821799383345,66.33079419286264,0.012336,1.0,0.0,3.4788243689170417
29.70818773787597,0.773280046765855,-3.9387016208168366,3.0385613610657902,-2.1751189164240357,-6.995505346699473,68.47338226271418,0.012336,1.0,0.0,3.358095313386747
29.70817311394503,0.7528058818575928,-4.001726539416461,3.001623755079358,-2.093741140120095,-7.022230908323723,69.75895475440304,0.012336,1.0,0.0,3.2860120893668103
29.708182400266566,0.7131313492016763,-4.057746040276663,2.971710295596803,-2.0197988290702003,-7.046802618225079,70.79442353098403,0.012336,1.0,0.0,3.228988009655365
29.708184876800342,0.6124244193170371,-4.151922210437848,2.9186600143409174,-1.8871326705086418,-7.08745265093728,72.41026214995661,0.012336,1.0,0.0,3.140883446143666
29.70816231972826,0.497313607056551,-4.23301430839871,2.8746633766435523,-1.7687832597083923,-7.123255227727198,73.65534318416229,0.012336,1.0,0.0,3.0735046549896983
29.708175073532193,0.37209582300732097,-4.304150810503972,2.836874541201401,-1.6611840557436999,-7.154842223944269,74.55903410010765,0.012336,1.0,0.0,3.023383770068742
29.708195953705914,0.238978956878734,-4.36472778350837,2.8059404146613214,-1.564443181019236,-7.182006213461727,75.07348892580619,0.012336,1.0,0.0,2.9914943047180365
29.708176215860707,0.09798527345639482,-4.412966956867916,2.784505758995887,-1.479592263962602,-7.203575467424966,75.13679573400609,0.012336,1.0,0.0,2.9802516569074555
29.7082474937596,-0.05232424472357612,-4.4463561590440515,2.7765462150218903,-1.410719069304083,-7.2179246561968915,74.52630754336369,0.012336,1.0,0.0,2.9995631270249756
29.708192585599,-0.2137905727427984,-4.4477327835273215,2.800551482567368,-1.3751509218410198,-7.216513500818023,72.863474846749,0.012336,1.0,0.0,3.0705036913486285
29.708019670867202,-0.3126973161538712,-4.38371016557975,2.905355689301824,-1.4540466850501546,-7.171411725092774,69.5151050856851,0.012336,1.0,0.0,3.2397252904029905
29.70816247420398,-0.17589462524485672,-4.736672216197104,2.965808056729563,-1.4924198933909083,-7.409014591955047,71.12506211013975,0.012336,1.0,0.0,3.1672631112001284
29.708087944812046,0.08926706022002953,-4.806408294134421,3.0302118215070557,-1.6430417618742612,-7.478723839136028,71.56294541161132,0.012336,1.0,0.0,3.1618887245918197
29.708188408884283,0.5130094624974495,-4.545101152843617,3.087320897040501,-1.9364570288525829,-7.352815172944222,70.63505822793543,0.012336,1.0,0.0,3.2326121478536702
29.708213327889425,0.685917170405598,-4.28637321583043,3.083891129131331,-2.0792625166607532,-7.205316807371851,69.63378753964778,0.012336,1.0,0.0,3.2929187131009328
29.70828821346172,0.773280046765855,-3.9392554984443113,3.0371741544144584,-2.1732990321886567,-6.995506008949481,68.51946079586436,0.012336,1.0,0.0,3.3557356885554395
29.708186373549644,0.4828812503319636,-4.23161105365752,3.1590908405849643,-2.0609373669793545,-6.777740444250989,67.9641518191056,0.012336,1.0,0.0,3.3766038802664804
29.661974750918617,0.47625121817011545,-4.212068111528359,3.1355220557168577,-2.0525532864486706,-6.715758961678987,68.12461341142999,0.012336,1.0,0.0,3.3685266381104277
29.22370830610471,0.18671060292080316,-4.294688976025404,3.0651807181739836,-1.8410680690791077,-6.715758961678987,68.79165921981918,0.012336,1.0,0.0,3.316646717834272
29.495361880370712,-0.17102541849968328,-4.396214189469448,2.9955789548404574,-1.6052361524894039,-6.715758961678987,69.01990065304592,0.012336,1.0,0.0,3.283373086109915
29.680705026881725,-0.24389171251886077,-4.417487315403681,2.9842952988831377,-1.5604994352960664,-6.715758961678987,68.98722682387451,0.012336,1.0,0.0,3.2807380805191375
29.708296659092305,-0.26100239652449375,-4.4348531413657115,3.0306104111647287,-1.558368636453955,-6.931906697053587,68.45750446803584,0.012336,1.0,0.0,3.3044846788713746
29.70821498656087,-0.2884916304202384,-4.554295755235795,2.924320838602618,-1.447131662067687,-7.282590325459835,70.30843920862819,0.012336,1.0,0.0,3.200959854887107
29.708140611783552,0.0070673414026989345,-4.809763318811616,3.0128404664420665,-1.5925872959974297,-7.473324589259802,71.54798932848911,0.012336,1.0,0.0,3.1576501574450666
29.708282292352138,0.5811307157754739,-4.461236204987441,3.0896943148980283,-1.9918645806004651,-7.305803906090503,70.23278854688681,0.012336,1.0,0.0,3.2566512983126295
29.708169676376258,0.7725278987440594,-3.9073867187988705,3.032548193857083,-2.1792162824081447,-6.976059544175808,68.35037351940032,0.012336,1.0,0.0,3.3645277678012504
29.708888004213115,0.49565989644382386,-4.208069440851736,3.140367436948181,-2.066664416476903,-6.715758961678987,68.08934756217077,0.012336,1.0,0.0,3.3715198637126127
29.19914157142817,0.10024764408490039,-4.319033342618885,3.0464308236944646,-1.7814050928717442,-6.715758961678987,68.92049676738333,0.012336,1.0,0.0,3.304886630211672
29.70822667764014,-0.2586964045335566,-4.433831908099497,3.0063742706183842,-1.5560773205091132,-6.805404757538725,68.74119800102973,0.012336,1.0,0.0,3.291428271004002
29.70817505508556,-0.26274499461571904,-4.412319707087056,3.0314343398488095,-1.5559715739366178,-6.991794574862844,68.35047658556512,0.012336,1.0,0.0,3.3093258148231817
29.708180775709927,-0.3126973161538712,-4.376668402444309,2.9029754375088457,-1.4533198092853206,-7.167460575853977,69.51391283884428,0.012336,1.0,0.0,3.2397035294555994
29.708169931456325,-0.2508931969205933,-4.294270559565674,2.942206807232803,-1.5639725799294477,-7.107387383854806,65.95773970529447,0.012336,1.0,0.0,3.4274043126597284
29.70817269084735,-0.1441813571628101,-4.213157612292461,2.9585004099515104,-1.665745579476386,-7.067789817011464,64.17711789379757,0.012336,1.0,0.0,3.5321745730804475
29.708183576398078,-0.04382466491258312,-4.14871799469089,2.9672226640861843,-1.7475572885793804,-7.042312919268391,63.28597317306044,0.012336,1.0,0.0,3.5891603562030987
29.708153979456004,0.037586223886249825,-4.105438480753166,2.972645321323315,-1.807762852839971,-7.025639416381498,62.8405395999322,0.012336,1.0,0.0,3.6198916105331995
29.707816851936638,0.23883349726916098,-4.010995822908116,2.9877471515657112,-1.947539944666747,-6.9910427230074434,62.434906347053754,0.012336,1.0,0.0,3.6555893796817616
29.708202816704425,0.42256954135865593,-3.942005720958438,3.00613346332586,-2.0652297251811262,-6.967221201387076,62.77606637534998,0.012336,1.0,0.0,3.6468739400222194
29.708274548551785,0.5016079201019872,-3.921882482948998,3.01627291421493,-2.110272623648263,-6.961902769617666,63.15541059039795,0.012336,1.0,0.0,3.62953755102011
29.708173348338057,0.6011185650493069,-3.9005819046425305,3.0253222472848256,-2.162293309667284,-6.956930903167853,63.91585414090929,0.012336,1.0,0.0,3.5918308555049068
29.70814328126874,0.7096657696367719,-3.891939724701359,3.0376121762537265,-2.2028552039605023,-6.960996554563726,65.43660209597557,0.012336,1.0,0.0,3.5136688334868875
29.70820345147223,0.773280046765855,-3.937055873272181,3.0377345274490866,-2.1753228046546678,-6.9943415198664445,68.4743337532395,0.012336,1.0,0.0,3.3579850068045842
29.70817016348614,0.7429615781354413,-4.001258938464157,3.023921313920489,-2.0991856341925246,-7.0323335193671,70.88663178074499,0.012336,1.0,0.0,3.2382190231386563
29.70825038774264,0.6602984541314165,-4.082006342811481,2.9982520601000404,-1.9918252897529758,-7.076090995081024,73.29770369816612,0.012336,1.0,0.0,3.122402152964033
29.70701137729548,0.4131820914485283,-4.243661380182106,2.9373177430147885,-1.7593238546281005,-7.158842163199886,76.91346964733137,0.012336,1.0,0.0,2.9522345664338063
29.70816433912188,-0.0609618199581337,-4.419122013146798,2.866960684357611,-1.4653653427562914,-7.2337907394383585,77.04056571983202,0.012336,1.0,0.0,2.917386833168139
29.708206881259482,-0.14355798933578542,-4.430742411948345,2.865726741875329,-1.435446753976842,-7.233664410330733,75.96498727156197,0.012336,1.0,0.0,2.9569590184283445
29.708023581155853,-0.3126973161538712,-4.383290629036992,2.9052762170598747,-1.4538718092474725,-7.171326835673943,69.51292160954034,0.012336,1.0,0.0,3.2397669395779087
29.708169680466668,-0.28327631128039377,-4.422532146842079,2.8750720216292645,-1.4124168203949816,-7.207823686975797,72.26936827527257,0.012336,1.0,0.0,3.108182029164831
29.708172554736194,-0.20322782916308302,-4.43808798811199,2.8575516004825907,-1.4103097432263627,-7.229087371925657,74.78193568602619,0.012336,1.0,0.0,2.9996812241590742
29.7082381520288,-0.0916724899645186,-4.431889651231397,2.8526530324123267,-1.441738182731809,-7.234963515530054,76.64339155018217,0.012336,1.0,0.0,2.927311394189559
29.74376427625606,0.03433810182226302,-4.409524464189651,2.8608471989187008,-1.4945873908922265,-7.230642054916375,77.86452512025686,0.012336,1.0,0.0,2.8848459170220013
29.70810969692479,0.3826688991883869,-4.2696134345735,2.9190864441890603,-1.7217815789066284,-7.168004623819459,77.12043508298717,0.012336,1.0,0.0,2.936830193991719
29.70817824167028,0.48935417094677314,-4.209443221908706,2.942973789600167,-1.8101991242246975,-7.138383056017969,76.05156605512873,0.012336,1.0,0.0,2.9879127159368077
29.708177533787097,0.5891776877504763,-4.144959907008937,2.970790368140519,-1.9049206997132857,-7.106568110119353,74.62757878247893,0.012336,1.0,0.0,3.055349756736053
29.70812262428013,0.6764282473838935,-4.075318483042901,2.9964482271602075,-2.001084231268794,-7.070589231543893,72.88980896767906,0.012336,1.0,0.0,3.1384149649912167
29.708083722892493,0.7440973474408958,-4.00383015439944,3.020835754951209,-2.0961006898249677,-7.032479615868524,70.81937232334401,0.012336,1.0,0.0,3.239780970638378
29.708256196323482,0.773280046765855,-3.938711770014523,3.0375128577068367,-2.1743022511153796,-6.995491023476329,68.47243759614287,0.012336,1.0,0.0,3.3581133172875255
29.70820702039372,0.716392670222399,-3.886335147236416,3.043317606135343,-2.2123787580655594,-6.960463691068118,65.60919361610044,0.012336,1.0,0.0,3.5074699297464362
29.70823819568294,0.5867298888490797,-3.8932035891693575,3.0318654975907386,-2.1688368737811032,-6.954362668700968,63.814683040391714,0.012336,1.0,0.0,3.6009104692447345
29.708136063872644,0.43974276517471517,-3.9281397407420764,3.0203722977904337,-2.092709712329059,-6.96394091140396,62.89359819054367,0.012336,1.0,0.0,3.646702438955486
29.70827963230849,0.2864169246673334,-3.9774889243880276,3.004825672686878,-1.998222887544213,-6.979138815460657,62.50903704892217,0.012336,1.0,0.0,3.660605879132587
29.708286971741448,0.08989614534303043,-4.073519951818169,2.9955118169348767,-1.8658534939854556,-7.0148479681916545,62.70297568129112,0.012336,1.0,0.0,3.637533889339091
29.708173841900972,-0.09471339196467589,-4.175641726516968,2.980373363011174,-1.7232730318226612,-7.051026096495645,63.726240889933145,0.012336,1.0,0.0,3.5663155479213278
29.708185404336966,-0.24825508193492282,-4.289635705593332,2.9538953412534785,-1.576441274665318,-7.103195379812299,65.92272764849163,0.012336,1.0,0.0,3.432779923553398
29.70817153884325,-0.295783683116607,-4.340556407632321,2.931203525927872,-1.5089016814626182,-7.137106865983443,67.56144681046047,0.012336,1.0,0.0,3.341384219729052
29.708092303488193,-0.019659242272238198,-4.758096750777002,3.01180136862413,-1.6375668540173174,-6.882376993224557,70.4002736066997,0.012336,1.0,0.0,3.2180882954101455
29.70817945728134,-0.024299573923387496,-4.696520258599837,2.9167298595366913,-1.6071623214375186,-6.728089733445312,71.08469773651093,0.012336,1.0,0.0,3.1843605149893297
29.708172893549254,-0.003025455549626188,-4.574941122648249,2.726501048254629,-1.498715605315566,-7.26763324933583,71.81493047546988,0.012336,1.0,0.0,3.1280271941306026
29.70817950093374,0.023872841042731296,-4.355719021860367,2.669822602774875,-1.5203481776858134,-7.130288748104503,71.23888937829898,0.012336,1.0,0.0,3.155813399281158
29.708074105527555,0.06857542192959815,-4.129931915718089,2.652765101323945,-1.5708606868758372,-6.999747320953812,70.46326043007517,0.012336,1.0,0.0,3.1973818808089143
29.70817143697919,0.11725777977844459,-3.953152508065462,2.663434343793877,-1.6299794837039692,-6.90408800540505,69.70599974825369,0.012336,1.0,0.0,3.2402436794725293
29.70816495734472,0.1797645055692696,-3.779406629382993,2.6977441287793997,-1.7079815254812543,-6.817013785291171,68.91209616448721,0.012336,1.0,0.0,3.2877779905096225
29.70812149958683,0.3260578203794332,-3.5392423451719615,2.8331997759746894,-1.8928634241001576,-6.721833890417457,67.6948646742075,0.012336,1.0,0.0,3.3707384276658003
29.708238178789475,0.3911840724481376,-3.5064890688862267,2.9222593720116428,-1.9792357619994667,-6.72726478288543,67.29711314118323,0.012336,1.0,0.0,3.401071779258062
29.708242966606573,0.4409169716782103,-3.5560837299407666,3.038482688536137,-2.0560041938064115,-6.7830671456378795,67.10602761435058,0.012336,1.0,0.0,3.420555288510564
29.708230371501934,0.4528760268445696,-3.6529622089130807,3.1196125228825617,-2.0887375878410372,-6.85102992138912,67.07162327450818,0.012336,1.0,0.0,3.4269146547055582
29.70819466011007,0.4369159999279054,-3.761820633887735,3.177157583970249,-2.090438780337775,-6.915325654148299,67.12734432542007,0.012336,1.0,0.0,3.4252117257096715
29.708136263562917,0.40659162096866974,-3.8770853392419475,3.2204662256385648,-2.0769146751020955,-6.97393132025527,67.19730403199227,0.012336,1.0,0.0,3.4209954026638427
29.708097582546195,0.30335232639236487,-4.10898676458453,3.275347355811534,-2.0140612647833223,-7.039529373627202,67.32685448182646,0.012336,1.0,0.0,3.4089525648960355
29.708199239567733,0.2152906197515866,-4.345931394025543,3.3007924359655596,-1.95171467850111,-6.988756396833186,67.73285360361459,0.012336,1.0,0.0,3.382983303400229
29.70817982550797,0.11320209900075684,-4.615819853550371,3.258962488942412,-1.8326404663333826,-7.078735532983467,68.61845304158356,0.012336,1.0,0.0,3.3258650806043275
29.70817377064893,0.04280393285191342,-4.73332817620335,3.188079117569774,-1.7449798603719453,-7.092331359438016,69.16740337670893,0.012336,1.0,0.0,3.2884683185793717
29.70820109311693,0.2211808903836684,-4.652484337031049,3.172596513807903,-1.8908626021870596,-6.953926641781221,68.36073732744256,0.012336,1.0,0.0,3.343481346841967
29.57766252490236,0.4993662239100827,-4.407103815617659,3.1200262338119433,-2.0519298937948967,-7.26381806010908,67.79589881483226,0.012336,1.0,0.0,3.3842359794255437
29.708283598018042,0.6831178389351423,-3.862315563681974,3.0942583456940604,-2.2494805681979004,-6.962860781480285,66.28042516057249,0.012336,1.0,0.0,3.4814357231151867
29.708187457545307,0.3905054220112554,-3.5064890688862267,2.923010691943914,-1.9791836292230747,-6.727594815668734,67.29742567829541,0.012336,1.0,0.0,3.401252042479941
29.708151192280752,0.04667036006517561,-3.6935212719172683,2.8108232038499006,-1.6435560140528191,-6.805562749129926,69.69185664566065,0.012336,1.0,0.0,3.2466440579631928
29.708174561863082,-0.14464138692843087,-4.02758122665943,2.774345482684002,-1.4537379757287905,-6.980789917354436,71.57751743050746,0.012336,1.0,0.0,3.1368709526729592
29.708178799365463,-0.21445636534744772,-4.413060036380794,2.7952805719137976,-1.3757999412583892,-7.1963054143917375,72.80765945354591,0.012336,1.0,0.0,3.072854851307256
29.708176675024408,-0.09517654583023108,-4.744929898745964,3.0327740808672754,-1.586822794084882,-6.9455505106537245,70.50295614107212,0.012336,1.0,0.0,3.207151948637774
29.70817456358394,0.26691791136394294,-4.597399938255221,3.181983685316044,-1.9381244681353484,-6.92199783688991,68.01358541417052,0.012336,1.0,0.0,3.3657565777418275
29.708142806785588,0.5952126698285528,-4.280244679318049,3.1351302040251894,-2.1492890891341205,-7.199256696640451,67.12214065847515,0.012336,1.0,0.0,3.4281075409113235
29.142538228226403,0.49573978357216697,-3.9037741848489893,3.0257889319381603,-2.0583661647374267,-6.97104530822869,67.53779357029615,0.012336,1.0,0.0,3.398095503344069
28.92543822294446,0.10384148343816701,-3.9821299341749055,2.8733787616618303,-1.679080799960193,-6.979317632837983,70.08961910025164,0.012336,1.0,0.0,3.232529782383776
29.708163146531163,-0.2085166148304464,-4.518219537419649,2.8137983695781315,-1.3777988501473886,-7.257584903976738,72.93080264279982,0.012336,1.0,0.0,3.067792789259794
29.708348368519456,0.010325067072530558,-4.774751499405575,3.0942863134552145,-1.6850528900062525,-6.994894812395501,69.83900575973726,0.012336,1.0,0.0,3.2494765681632125
29.70822115342878,0.32218010819757914,-4.51874887769284,3.1924165946876086,-1.992748112923585,-6.881833913844042,67.69400167499279,0.012336,1.0,0.0,3.3876047981746353
29.708106433896628,0.6641036222637499,-4.075156746100701,3.123122054882659,-2.221188275905738,-7.08615069318016,66.6257912381077,0.012336,1.0,0.0,3.460768107013089
28.919342472704315,0.17407090050043256,-3.9154078226688407,2.8939729703120722,-1.748494750737336,-6.947293029001978,69.49638877777008,0.012336,1.0,0.0,3.2684829775049464
29.708221252746142,-0.16577633928831775,-4.091268529128651,2.773694852746782,-1.432238254011894,-7.015624979027051,71.83200143907565,0.012336,1.0,0.0,3.122867105257317
29.708182383559844,-0.21332732979006774,-4.448600582411316,2.8000394772806314,-1.3751509218410198,-7.216609242990736,72.8699547711356,0.012336,1.0,0.0,3.070096366017844
29.708172915737716,-0.021663888093580885,-4.755402262741478,3.1135553005795353,-1.6625069828183145,-7.253629509537733,69.31446931020564,0.012336,1.0,0.0,3.2698742269348258
29.708106326406185,0.08793002156519036,-4.807209429885737,3.0297068065346195,-1.6420044031921657,-7.478723839136028,71.56001238044618,0.012336,1.0,0.0,3.1618852920578693
29.708205738660208,0.25796764475188527,-4.45115611206999,3.151920199897206,-1.834169051993685,-7.349957776695366,70.77291846519775,0.012336,1.0,0.0,3.22370754593779
29.708192992390927,0.3549933484173815,-4.116399799675366,3.168310469011275,-1.9527125481030054,-7.17305985337226,69.65990689897535,0.012336,1.0,0.0,3.2893665215000985
29.708277245764197,0.4197618798121273,-3.7944103848514805,3.12258650830943,-2.026067856672722,-6.9735143446397405,68.59605578207989,0.012336,1.0,0.0,3.3471759685471945
29.708212017907563,0.4378492874078953,-3.6397998154929696,3.067780952308012,-2.041729234984307,-6.8628886056135,68.0631398501587,0.012336,1.0,0.0,3.3734925258745365
29.708208570530367,0.3908256005473256,-3.5064890688862267,2.9219560593758995,-1.978844179928332,-6.727349950125047,67.30420710011511,0.012336,1.0,0.0,3.400748992830755
29.72308233465203,0.18128784931431435,-3.857027902769576,3.092527173390407,-1.9158641332067576,-6.715758961678987,66.56895659262439,0.012336,1.0,0.0,3.4348195555093377
29.745400590960735,0.1823958105860155,-3.8454360960678375,3.092120028485808,-1.9180282155505484,-6.715758961678987,66.51897552396711,0.012336,1.0,0.0,3.437573448110157
29.63255463829527,0.17639078926827917,-3.9048078968602065,3.092761808464754,-1.906222698768205,-6.715758961678987,66.7832055696076,0.012336,1.0,0.0,3.4230107650926156
29.26433124050292,0.13589963150885237,-4.165326699136032,3.0690142666977103,-1.83367708873681,-6.715758961678987,68.10414398726162,0.012336,1.0,0.0,3.349586579313733
29.23639294806811,0.0773909133150254,-4.430540567016005,3.032919792018611,-1.7484182719780819,-6.715758961678987,69.44613324474022,0.012336,1.0,0.0,3.276443825769133
29.370565108310632,0.04478694591693905,-4.558216254148035,3.019905315473001,-1.708837648970013,-6.715758961678987,70.04969003436909,0.012336,1.0,0.0,3.244280902965616
29.538901384341642,0.018745426522582598,-4.655478029083179,3.013742271400954,-1.6808337677718366,-6.715758961678987,70.44884802597316,0.012336,1.0,0.0,3.2230111435401376
29.70819997919169,-0.0025857566213021155,-4.753977668815835,3.0364192492081408,-1.6636658632808643,-6.805438115882419,70.45496058289095,0.012336,1.0,0.0,3.220125663004618
29.708201562121562,-0.010376597355411354,-4.768236248782962,3.112084470661472,-1.6755286736145392,-7.106297616822994,69.49432720085389,0.012336,1.0,0.0,3.2638076867401677
29.199082678850978,0.10402191821272033,-4.31768238797456,3.0472121816592823,-1.7841232913022078,-6.715758961678987,68.90275034172208,0.012336,1.0,0.0,3.305967589084535
29.662471724874834,0.003370484746979596,-4.711883895373337,3.0120772186831104,-1.6657756683821232,-6.715758961678987,70.64834903622317,0.012336,1.0,0.0,3.2123418307174676
29.708187373705215,-0.003045920755013587,-4.762636983779735,3.048887968323136,-1.6654612224786391,-6.850476660979432,70.31780264635404,0.012336,1.0,0.0,3.2262177199178383
29.637832621785098,0.05796705665193763,-4.660571770120332,3.028671813590194,-1.724262818371645,-7.344777685865691,66.1426563380472,0.012336,1.0,0.0,3.42932322342036
29.70816893545486,0.0930142521898617,-4.517367924072589,3.031614265501524,-1.7915131963651052,-7.2605560927760555,64.25683985832124,0.012336,1.0,0.0,3.5366345071327445
29.708177939484866,0.13047434363633614,-4.371349891852876,3.0215854160000606,-1.8415479787116515,-7.180876973395694,63.31590085639233,0.012336,1.0,0.0,3.5941111967647315
29.707831581504706,0.23446751864267157,-4.010052029141823,2.9876143078198028,-1.945357793840273,-6.990153225216264,62.434906347053754,0.012336,1.0,0.0,3.655486399632575
29.708165459685592,0.34567603609519904,-3.6595977868002696,2.9521393112315044,-2.0158555945760748,-6.804724198099486,63.61296193895014,0.012336,1.0,0.0,3.5975080107156714
29.708185011656347,0.37757129807966927,-3.5622497070368966,2.941014019420859,-2.018507553942138,-6.754620560099036,64.83817886053583,0.012336,1.0,0.0,3.5315385937749264
29.70824221415565,0.3880269066508254,-3.5064890688862267,2.9218946431403086,-1.9771281707298853,-6.727581551048889,67.28217895156982,0.012336,1.0,0.0,3.4018193497390827
29.708166077625698,0.3735762998140698,-3.5512338591698995,2.9089918097354124,-1.9098056359088516,-6.7561895378382975,69.99711241310982,0.012336,1.0,0.0,3.2646855274902657
29.708185385461892,0.33611733823711865,-3.671099517206075,2.896531573673199,-1.825030433207505,-6.8257771443433395,72.70976757380951,0.012336,1.0,0.0,3.1344884084003306
29.708157481659388,0.2431760010169941,-4.01779398378312,2.884420063545756,-1.6725011529033282,-7.021973548858849,76.77628634268896,0.012336,1.0,0.0,2.9507230021801494
29.708226547771403,0.1607431792286691,-4.356636001072616,2.891367542658198,-1.5817899227193233,-7.211789403589804,78.0964042407149,0.012336,1.0,0.0,2.8889025867728058
29.709064070385526,0.03599146250928176,-4.626025182382388,2.9754879683689066,-1.625819248664554,-6.715835928371829,74.001486911617,0.012336,1.0,0.0,3.0622097025706903
29.708090760340088,0.008119380190339698,-4.74107742029322,3.0440481929732766,-1.6441157211099942,-6.882681800761832,71.95280208676978,0.012336,1.0,0.0,3.150392814890789
29.713664197995595,0.11107237731705083,-4.422711617416694,2.8745182483379814,-1.537025540483279,-7.24217952637796,77.9722392010919,0.012336,1.0,0.0,2.8848459170220013
28.923368039779355,0.2355087613522978,-3.9721585662903296,2.9074826609040363,-1.7545862866714705,-6.988794374343943,71.63480441586643,0.012336,1.0,0.0,3.171348888270339
29.70823083842567,0.35560100459950905,-3.7232601083317842,2.9760752880500623,-2.041945993978715,-6.8432430723828634,63.21369964894193,0.012336,1.0,0.0,3.6251862204304524
29.708243667049278,0.20972190259414425,-4.240813292782182,3.0315849481169246,-1.9268565861536064,-7.11881305970152,62.86402197033532,0.012336,1.0,0.0,3.632766965882162
29.708102861679105,0.19512184600279925,-4.056788553456664,2.862285218374189,-1.6228730275056749,-7.0372002656472885,76.95694890439415,0.012336,1.0,0.0,2.9345663855383792
29.70824651052787,0.2873409182374964,-3.9789956844979204,3.006694898038261,-1.9994642476252347,-6.980217867681575,62.515792659597906,0.012336,1.0,0.0,3.660605879132587
29.622922022992505,0.13802534984528936,-4.453732610717814,3.0455425177943143,-1.8409634394626897,-7.232196614271655,64.20408777831486,0.012336,1.0,0.0,3.5483937710620848
29.708043233538145,0.07039432519692873,-4.130571565216087,2.652765101323945,-1.5723733725396707,-7.000021249429966,70.43360570259333,0.012336,1.0,0.0,3.1989853507526256
29.708177687202205,0.18535547464222685,-4.033539478064563,2.664051245270846,-1.6794028537458716,-6.945812287300543,69.3521671861054,0.012336,1.0,0.0,3.262255749788972
29.708181149473038,0.2913958283157492,-3.954430656050661,2.6913987610669645,-1.783493200427203,-6.90683791241811,68.46531116892127,0.012336,1.0,0.0,3.3170490525424676
29.70815436286811,0.4020438093848838,-3.884009684633562,2.7359843352954143,-1.8967564611420569,-6.878081089425794,67.65796420128746,0.012336,1.0,0.0,3.369939291811245
29.123760832340754,0.40472595006386347,-3.9534214070571703,2.854963054919866,-1.9224567322217077,-6.953462637676973,68.08899925780423,0.012336,1.0,0.0,3.353539293409467
29.70824098701183,0.5401744917186544,-3.8172849496877257,2.817966169595054,-2.0432352875635593,-6.862491150111292,66.85160266704757,0.012336,1.0,0.0,3.427270704922406
29.708206083820595,0.6231636766769735,-3.7964132362584166,2.896691424380828,-2.142020727852688,-6.87271604628905,66.38478203983429,0.012336,1.0,0.0,3.4627512440978974
29.708176264859997,0.678873357925192,-3.803076767704514,2.9843368521352374,-2.214600696895705,-6.901282826030866,66.21796708589353,0.012336,1.0,0.0,3.4796437097496433
29.70820545615398,0.6875092918994948,-3.864748976702977,3.092655675478555,-2.2494805681979004,-6.964349140978626,66.32231805016808,0.012336,1.0,0.0,3.4792384443481494
29.70817820510701,0.6155358491385766,-3.971674137228499,3.1866484714706136,-2.2158240099611994,-7.040126071839235,66.64631182709765,0.012336,1.0,0.0,3.4607960304304237
29.708206803912454,0.4946737016407835,-4.092135051040773,3.2475523062725373,-2.1367156506231044,-7.097526405026425,67.0349726294051,0.012336,1.0,0.0,3.43459237970693
29.708305215185156,0.21687013927195964,-4.34879184081942,3.3007924359655596,-1.9526657077889702,-6.9903111438494925,67.77980650855251,0.012336,1.0,0.0,3.380791191540802
29.708188455500604,0.005154526208856314,-4.494860716590921,3.2552361794031675,-1.7540172937174154,-7.079889486494785,69.0320017190131,0.012336,1.0,0.0,3.2981540447641775
29.70816939347019,-0.08049964736088414,-4.531946427055362,3.2061392285972694,-1.6643760261891005,-7.1233022679735365,69.58376801909229,0.012336,1.0,0.0,3.261092400019716
29.708418804626476,-0.13931612573550958,-4.542538757556239,3.143861562545166,-1.583335544122282,-7.213984074033435,70.3070750025888,0.012336,1.0,0.0,3.2167125031037562
29.708177007900833,-0.18313777129007622,-4.5479308531694596,3.0723251454761935,-1.510184937621551,-7.26511107460344,71.17666626868687,0.012336,1.0,0.0,3.1670438585301266
29.70820404432448,-0.21541222038775698,-4.538372432262742,2.9920538912825694,-1.446742081848238,-7.277112090467017,71.97640708720631,0.012336,1.0,0.0,3.1220790548256208
29.708177525191754,-0.2315247972199559,-4.509626247842048,2.9014935384845457,-1.3974112408493586,-7.262603493012786,72.59888486383335,0.012336,1.0,0.0,3.08693881625922
29.708217959864648,-0.21507301607093432,-4.447650636845004,2.800800005573012,-1.3751509218410198,-7.216164645643515,72.81457939406462,0.012336,1.0,0.0,3.0724611371540886
29.708206220673308,-0.0920393424392682,-4.2878061029225485,2.6821702652029735,-1.4402762240849376,-7.0997069511174455,71.91983665188974,0.012336,1.0,0.0,3.1168549957830756
29.708071349977395,0.06865116188528031,-4.129670896421953,2.652765101323945,-1.5709474710892013,-6.9995685066559785,70.46032101763326,0.012336,1.0,0.0,3.1975278122342807
29.708181496945812,-0.005163356956991605,-4.628182823170544,2.7518378571352455,-1.4969904388214434,-7.30974210256486,72.25735258122958,0.012336,1.0,0.0,3.1091512888402466
29.708091461840997,0.08802929339300364,-4.806773632972218,3.030169032623159,-1.642066006033116,-7.478723839136028,71.5639657005541,0.012336,1.0,0.0,3.1617650501998398
29.708180823874773,0.24383316673468625,-4.473371267062158,3.264047751759905,-1.903497510284883,-7.292011023239911,68.80602387904577,0.012336,1.0,0.0,3.3237547321676084
29.708231650522848,0.21349902674429933,-4.3503252353534405,3.3007924359655596,-1.949589165348214,-6.995008061861528,67.74462276065194,0.012336,1.0,0.0,3.3820815703256257
29.199212947719523,0.1041655824681671,-4.316668894094667,3.047703476803345,-1.7849717137745311,-6.715758961678987,68.86391593646725,0.012336,1.0,0.0,3.3075791035812583
29.7081571393312,0.21729452222399404,-4.334890154236778,3.2998065290690817,-1.9578370763557034,-6.938163841887869,67.71462812140086,0.012336,1.0,0.0,3.384705397228875
29.708233772390024,0.24626739114839302,-4.449766816188395,3.270256581147562,-1.9124009196486365,-7.273046926381939,68.66295876454139,0.012336,1.0,0.0,3.3315538124619115
29.708184328047306,0.22675826693642354,-4.293598665347226,3.286507014994094,-1.9727988096715623,-6.796895157047146,67.72418454477727,0.012336,1.0,0.0,3.386538211377488
29.27941150993112,0.15791638994578977,-4.283773539847512,3.1341138208825305,-1.8609574906774897,-6.715758961678987,68.48050949626507,0.012336,1.0,0.0,3.3360093660068237
29.709451765266675,-0.025696899572539567,-4.474684879510879,2.8340482157832803,-1.5966089144650963,-6.715758961678987,70.26792552900314,0.012336,1.0,0.0,3.2175945510969717
29.708277047202664,0.01404188278783991,-4.40961449367294,2.6798733450187218,-1.5107277357140496,-7.165588123326791,71.56297522868373,0.012336,1.0,0.0,3.1406963665887053
29.7082737514998,0.024546400808949653,-4.790464908829753,2.8865401764062577,-1.5455231618616505,-7.436926893688217,72.30123897617409,0.012336,1.0,0.0,3.1149502194486844
29.708048950063226,0.21581253060778194,-4.59183598519484,3.221934765705295,-1.842675254720445,-7.374907727570429,69.5552070443716,0.012336,1.0,0.0,3.2803079051229083
29.708181828622024,0.21204455699780267,-4.35953710473987,3.3000401730075595,-1.9442155464829383,-7.035642387786113,67.77417270915917,0.012336,1.0,0.0,3.379853684152336
29.682742776167906,0.22692665974427328,-4.268503576550854,3.2657869535753536,-1.971824063581069,-6.715758961678987,67.80352430328254,0.012336,1.0,0.0,3.382877845766225
29.252660117565544,0.14798729304829183,-4.288590481511885,3.1180175827754693,-1.8470166848291785,-6.715758961678987,68.54290578202706,0.012336,1.0,0.0,3.331236667998483
29.73146463011723,-0.028208110500982098,-4.478839890378562,2.82952083313767,-1.5928006485260302,-6.715758961678987,70.30254258032275,0.012336,1.0,0.0,3.215493775505966
29.70802344562216,0.06808616353365643,-4.132066268513952,2.652765101323945,-1.5708422431390607,-7.000866824600137,70.43958453591034,0.012336,1.0,0.0,3.198593254705307
29.70820384879181,0.0791294575728011,-4.082779926057916,2.6616524665580026,-1.616325586415004,-6.971768836583712,68.43572641646985,0.012336,1.0,0.0,3.2981500097999543
29.70817218936329,0.0997565667155842,-4.035730336300359,2.692010750666765,-1.6767124248799625,-6.949446467507059,66.4320785625059,0.012336,1.0,0.0,3.4050524886326228
29.70817724193292,0.1419019355194811,-3.9921861206925007,2.7569120796885085,-1.7650804095756438,-6.937867191226447,64.42766578898834,0.012336,1.0,0.0,3.5214089429144497
29.708693058750313,0.1750785192759261,-3.982658126162072,2.8163842544780775,-1.8263732048453876,-6.944878424938271,63.425267823998624,0.012336,1.0,0.0,3.5840829576963427
29.708168353904824,0.19368672592788017,-3.9817947715885404,2.8641187772654275,-1.8654715712159136,-6.953927227760429,62.92418799544768,0.012336,1.0,0.0,3.617266611699593
29.708075339878672,0.23611037969533422,-4.010298827469706,2.9822841181708664,-1.943980581225043,-6.989815162695655,62.434906347053754,0.012336,1.0,0.0,3.6553136919403215
29.708167840274125,0.2549353033077173,-4.097981807626499,3.1338088161339903,-1.9977117393853654,-7.042228214678525,63.08181539706408,0.012336,1.0,0.0,3.6270505791571708
29.70911269967931,0.23864121377995962,-4.157105890082856,3.19041073601958,-1.995714761171616,-7.051537928891634,63.74381787118584,0.012336,1.0,0.0,3.5914292044875555
29.70817490590808,0.20897824219991368,-4.26054646312823,3.2594199570379407,-1.982856870678816,-6.974450521370161,65.06737512135577,0.012336,1.0,0.0,3.520708457645984
29.708183862928685,0.21408120776085826,-4.3484409467959955,3.3007924359655596,-1.9512898948025486,-6.989252798102224,67.71406823519558,0.012336,1.0,0.0,3.3838549760155687
29.70851595121724,0.17844336399140187,-4.412458989466885,3.2707137213680952,-1.8707386254713885,-6.9851807607867356,70.31200320761879,0.012336,1.0,0.0,3.2523084718386355
29.50968570856641,0.26124358796137537,-4.3386166886290285,3.168822973010867,-1.821540320335941,-7.236800558347856,72.90811359152208,0.012336,1.0,0.0,3.129210861268345
29.708181519878586,0.2519397399038965,-4.369463054068207,3.113450508806235,-1.7516717441213243,-7.260860899919383,75.50673054438563,0.012336,1.0,0.0,3.0132567961608423
29.70819671144702,0.22625814331346372,-4.375628741007438,3.045708915811078,-1.6914790583828259,-7.256419362043216,76.80530019359001,0.012336,1.0,0.0,2.954048742952611
29.708183649140945,0.20891719189606872,-4.373727361968823,2.9983974452697084,-1.6555157341344384,-7.246849628819195,77.45444882601906,0.012336,1.0,0.0,2.9241207088756664
29.70709877226472,0.10619349601472067,-4.311852208815999,2.77470427346721,-1.5254188721299577,-7.151561235910559,77.14454682105581,0.012336,1.0,0.0,2.9155519643938845
29.708184843533225,0.0889871081834554,-4.281999881098739,2.733041137848647,-1.515918582870515,-7.1205520539749445,76.18651196287087,0.012336,1.0,0.0,2.950605624921437
29.708179011365118,0.07225040131566574,-4.2295689908288026,2.6851707567963956,-1.5203707328398957,-7.073061725566188,74.27069342802884,0.012336,1.0,0.0,3.027081640948439
29.70809102522094,0.06940900908589687,-4.13404132213175,2.652765101323945,-1.5718880664785198,-7.001961642590912,70.4341719050779,0.012336,1.0,0.0,3.198863290740234
29.70819028873742,0.21438640205096904,-4.347795041742373,3.3007924359655596,-1.9514686707577513,-6.989670410350386,67.71050900254033,0.012336,1.0,0.0,3.3840706362259483
29.708205062365977,0.28771345912375457,-3.9803662506578763,3.0085437711432275,-2.00006838696235,-6.981303668350037,62.515142882062314,0.012336,1.0,0.0,3.660605879132587
29.70818501244459,0.6852722993669476,-3.862439240466901,3.093685955826456,-2.2494805681979004,-6.963256791125956,66.31501192330276,0.012336,1.0,0.0,3.479594439718294
29.708182225411278,0.6236664100508007,-4.196318748305003,3.150591396494858,-2.17951569364296,-7.166087347540641,67.1828306320105,0.012336,1.0,0.0,3.428878459508589
29.70812706572704,0.4831797167241375,-4.472815541375987,3.1526471503910525,-2.032760977443625,-7.322606904019158,68.41047255258972,0.012336,1.0,0.0,3.353074995686636
29.70817448754209,0.3024149643300461,-4.684860541151243,3.1134070709772423,-1.850533543357692,-7.431937439036042,69.87168956014185,0.012336,1.0,0.0,3.263459593505037
29.70809821049302,0.08952750114702951,-4.8063035499335935,3.030995531268257,-1.643238979062568,-7.478723839136028,71.55297415732937,0.012336,1.0,0.0,3.162309654619789
29.708217425725124,-0.12061006072944747,-4.740870619658593,2.9064683572452616,-1.4497008711729187,-7.408758255233284,72.93230600404367,0.012336,1.0,0.0,3.0775322948685266
29.708168151866843,-0.21330695936472216,-4.448458941596595,2.800994566123544,-1.3751509218410198,-7.216939363590753,72.87254374835244,0.012336,1.0,0.0,3.0699381635085876
29.70818254322216,-0.18390663635639118,-4.169486250321204,2.7626079117315006,-1.4123374938261808,-7.050314341795583,71.85943866450086,0.012336,1.0,0.0,3.118606761415556
29.708199904298265,-0.1994347169582609,-4.522735581644805,2.980809621790342,-1.5095470441333971,-6.909968189894944,70.4096336802062,0.012336,1.0,0.0,3.2015367074270538
29.70810300330902,-0.18844386700522348,-4.507559413227205,2.928469510184487,-1.500542936132471,-6.757712143009731,71.05215614529966,0.012336,1.0,0.0,3.1722225593062627
29.71044247725659,-0.18487851779087033,-4.499815512719639,2.9122372779484076,-1.498411325282828,-6.715758961678987,71.22408243285246,0.012336,1.0,0.0,3.1645053861762875
29.199096241207027,0.10258373168031582,-4.318920861758132,3.046546869931941,-1.7826338340796937,-6.715758961678987,68.91522445223198,0.012336,1.0,0.0,3.3052014557289895
29.711422256941635,-0.1851423434720352,-4.499993136918254,2.912107034559683,-1.4981587372834324,-6.715758961678987,71.22609242802605,0.012336,1.0,0.0,3.164383352296237
29.63639874564612,-0.16251716808647038,-4.4872610234721435,2.9225427616547934,-1.5183974833223157,-6.715758961678987,71.05971457044812,0.012336,1.0,0.0,3.174324355431169
29.399423477582314,-0.08004743369676046,-4.432530208500703,2.962604130603168,-1.6000520582285296,-6.715758961678987,70.39594369854164,0.012336,1.0,0.0,3.214429036956835
29.206436884388932,0.14156218403517873,-4.296479992501352,3.0635804608989012,-1.8217042203904277,-6.715758961678987,68.62442560432994,0.012336,1.0,0.0,3.323582430908336
29.521124038814662,0.36317808496974047,-4.173050267311974,3.1566664749511153,-2.0467836686147334,-6.715758961678987,67.04244326413844,0.012336,1.0,0.0,3.4258263564452474
29.660138459683747,0.41410190385684686,-4.139584702251488,3.1774811688883666,-2.1026925313953195,-6.715758961678987,66.59346036986388,0.012336,1.0,0.0,3.454502993749312
29.71403833911858,0.43183320877323395,-4.130740460169923,3.1863094984109646,-2.1223698420109947,-6.715758961678987,66.47455976139193,0.012336,1.0,0.0,3.4627771959769205
29.46746480440576,0.5382215630718261,-3.67943986904107,2.983119971697887,-2.107006862674387,-6.83204938359107,66.72681516053828,0.012336,1.0,0.0,3.443341382442091
29.708183830889897,0.6853206746218974,-3.8645322147210743,3.0943489327049414,-2.2494805681979004,-6.964601675896203,66.30069575784582,0.012336,1.0,0.0,3.4803010439274993
29.70817883920976,0.5949774701975944,-3.868390565619086,3.0739722127761833,-2.2152888885226085,-6.952950639926684,64.35848813534429,0.012336,1.0,0.0,3.578342124757337
29.708182727140077,0.5031203483085718,-3.893449919308311,3.053105694450368,-2.156358255612925,-6.9553368192393785,63.38596449399843,0.012336,1.0,0.0,3.625032874797961
29.708166791028596,0.42651252464524525,-3.9232273071454444,3.0359325431486157,-2.1012200720340446,-6.963200574924004,62.899168039748005,0.012336,1.0,0.0,3.646460907979151
29.707808593832805,0.23532742558381448,-4.014865965889325,2.9879200427454773,-1.94478450109241,-6.992775148421595,62.434906347053754,0.012336,1.0,0.0,3.6554021270481654
29.70817765408812,0.023321062348421573,-4.138313215779305,2.9288715263928533,-1.7511850165513019,-7.041087603674544,63.06332886188897,0.012336,1.0,0.0,3.597500454011695
29.708174357191833,-0.05628881046976203,-4.194491095694497,2.9039200548302033,-1.6713113817411698,-7.065837230406032,63.71602773581831,0.012336,1.0,0.0,3.5515689353287696
29.708167931136717,-0.1483929860962463,-4.267962268767769,2.868898733074209,-1.568651564592225,-7.101378350104349,65.02198352438876,0.012336,1.0,0.0,3.4682803378417493
29.70817776488063,-0.23118692210810066,-4.360077494463653,2.8280318165324863,-1.4521973162887991,-7.152731509639761,67.63366549497017,0.012336,1.0,0.0,3.3200605739571363
29.708180453263896,-0.24599161881381248,-4.416319623882083,2.8065042267105156,-1.394004750523074,-7.189436508269886,70.24411283149205,0.012336,1.0,0.0,3.1885804508775473
29.708133284358507,-0.13074746928855815,-4.452742210959974,2.8131418014354646,-1.3978965966117403,-7.232875522180528,75.47893327158226,0.012336,1.0,0.0,2.965669232035889
29.708221026733362,0.16058178264947415,-4.35707469692042,2.8912281348721143,-1.5813383510379502,-7.211932481925764,78.0964042407149,0.012336,1.0,0.0,2.888767932480171
29.70890631693746,0.3365416924526381,-4.257783102387219,2.949610436096842,-1.7318687926513463,-7.172290581958614,77.37127496305777,0.012336,1.0,0.0,2.934993396719707
29.70817117507574,0.4116267151936216,-4.206890501041089,2.9762588831859476,-1.804804176926176,-7.149918337072309,76.63428628411584,0.012336,1.0,0.0,2.972107823866257
29.70817274648937,0.5159753529439625,-4.128268249516168,3.0154438840192026,-1.9170712493456945,-7.113898229014723,75.1594568028538,0.012336,1.0,0.0,3.0435248542508786
29.708219541509315,0.5916097158556198,-4.06404978957286,3.0442536029160334,-2.008169571590535,-7.082434530044199,73.6842133284097,0.012336,1.0,0.0,3.114202596355473
29.708179537229338,0.6480467019650322,-4.00580290427178,3.065178122690165,-2.085433220887881,-7.052737884105619,72.20818062494305,0.012336,1.0,0.0,3.18569251192122
29.708180528313843,0.709675607337033,-3.917796518242781,3.092079289286433,-2.2014205891024035,-7.003050666901028,69.2553813430271,0.012336,1.0,0.0,3.3309727483711
29.70817026498931,0.6855365799737808,-3.8644356233656203,3.093399909692914,-2.2494805681979004,-6.964315517766174,66.30450664303233,0.012336,1.0,0.0,3.4801532470639147
29.708210382056464,0.574223220490213,-4.089688313004222,3.030203953060925,-1.972375697432449,-7.094095121788195,74.25309044231854,0.012336,1.0,0.0,3.0834476160791464
29.71012409563048,0.10307937431332037,-4.389048157926725,2.8666665486023675,-1.5311049957213838,-7.221627270881758,77.955575970629,0.012336,1.0,0.0,2.8848459170220013
29.708314526286564,-0.21580425209002058,-4.451598960775939,2.8019371801258814,-1.3751509218410198,-7.218658082172056,72.85375693574039,0.012336,1.0,0.0,3.070747180648442
29.708217325285755,-0.23320892000354065,-4.350050913451644,2.836596475266959,-1.4654934519102758,-7.147081873803007,67.25532959197005,0.012336,1.0,0.0,3.3429730224725014
29.70821890581248,-0.07531874176889142,-4.198504802087469,2.906053436513965,-1.6648980881304942,-7.06788467957294,63.8153030099337,0.012336,1.0,0.0,3.549144001880406
29.708189518689768,0.6042959774579094,-3.865944572288379,3.0787475393083175,-2.222947639438424,-6.953995567483928,64.57727255441544,0.012336,1.0,0.0,3.568702342238838
29.708091998488428,0.7026591128353127,-3.941727992928656,3.084145128845314,-2.168992964139317,-7.016657565469571,70.21500111833893,0.012336,1.0,0.0,3.2813789509743723
29.708189333061085,0.5648726283351918,-4.098416746060401,3.027203892707064,-1.961787623677414,-7.098328866695039,74.4291042450505,0.012336,1.0,0.0,3.0751465940601075
29.708192756166607,-0.20761340478783016,-4.3186604223884775,2.8496704782495885,-1.5045714865015003,-7.1294414901784915,66.26664117748393,0.012336,1.0,0.0,3.398285690413228
29.70829237726696,0.2861767336101072,-3.9810116993232096,3.009333160602658,-1.9991961828887865,-6.9811971413956115,62.50830907681283,0.012336,1.0,0.0,3.660605879132587
29.708327209407912,0.09108793989144759,-4.807352225206409,3.0281574269490803,-1.643785930425858,-7.478723839136028,71.51351713016962,0.012336,1.0,0.0,3.163910157378016
29.707830599950608,0.2394863950901045,-4.012001050233479,2.988921972416299,-1.948167863207166,-6.991760758513603,62.434906347053754,0.012336,1.0,0.0,3.6559510202632364
29.199111963681837,0.10444223880312997,-4.316494212383733,3.0476414183252722,-1.7854166356920167,-6.715758961678987,68.85239848582444,0.012336,1.0,0.0,3.3084951807155862
29.536510213003456,0.07992136672501826,-4.452496498955399,3.00115969143518,-1.6751713893524256,-6.715758961678987,73.51764344678554,0.012336,1.0,0.0,3.0876934176900575
29.70823848206264,0.16115217548491617,-4.356572105542225,2.890583941499534,-1.5815834061827498,-7.211527161596098,78.0964042407149,0.012336,1.0,0.0,2.8889168335875444
29.708133313154445,0.08812664567707468,-4.806581313732952,3.0312650990159455,-1.6434028548772748,-7.478723839136028,71.51856880092468,0.012336,1.0,0.0,3.163955563334752
29.70817543800055,0.08001922402017059,-4.712263378675382,2.9588305642502437,-1.558657096711936,-7.420197684397897,75.66385602925334,0.012336,1.0,0.0,2.9781007050564385
29.70821821313289,0.11397475926078993,-4.429283622072145,2.8814324779350446,-1.5410633105095992,-7.248337526970762,77.95773458360728,0.012336,1.0,0.0,2.886277911463541
29.708174317221783,0.16595656441476703,-4.127245384185765,2.838448954407074,-1.5872121698281438,-7.0670485745120315,77.26023689772256,0.012336,1.0,0.0,2.9177779240810775
29.708173746288193,0.22536053301978332,-3.8648117485707103,2.8235981219539585,-1.6701165667843942,-6.9119723284253265,74.99902285915428,0.012336,1.0,0.0,3.016819798952998
29.708244092956516,0.041251585455685746,-4.5086227379491755,2.991807168280644,-1.6251177947755386,-6.761569697670369,74.37059536536563,0.012336,1.0,0.0,3.0443237109359376
29.478980006696297,0.0607112541179336,-4.4498322991961246,2.9936613315072984,-1.663426021362945,-6.715758961678987,73.04376597236887,0.012336,1.0,0.0,3.1047482977537957
29.25357912375029,0.12491980811336251,-4.259696596036424,3.066626714288803,-1.8387145274386916,-6.715758961678987,67.15305543128756,0.012336,1.0,0.0,3.3977783938497508
29.413689248696148,0.1488287090472178,-4.202081192771121,3.084613246421946,-1.8949466121398626,-6.715758961678987,65.49139376044552,0.012336,1.0,0.0,3.489388205506048
29.574798464951392,0.16161160438712752,-4.164923529150067,3.092903025639923,-1.928631261537009,-6.715758961678987,64.4256938035188,0.012336,1.0,0.0,3.5500029436635376
29.708174470485886,0.16380028470071578,-4.15311442064235,3.1099211978382333,-1.9479973504089627,-6.774510618523489,63.63807620051774,0.012336,1.0,0.0,3.594941633231066
29.199103107928412,0.10438345602983029,-4.316810188873222,3.047683392783899,-1.7853319231654816,-6.715758961678987,68.85943325772233,0.012336,1.0,0.0,3.308172055275386
29.705535530307856,0.17118355400121177,-4.139965918692354,3.0986051108130455,-1.952241274423982,-6.715758961678987,63.73339871349235,0.012336,1.0,0.0,3.590385682403708
29.70819600488333,0.2888711789730555,-3.978770183726508,3.007738076645687,-2.000672172420057,-6.980462661550188,62.51468362752375,0.012336,1.0,0.0,3.660605879132587
29.70826144717613,0.2266852057526333,-4.293521929323955,3.05296836742862,-1.9328786551011443,-7.1665299735667825,63.1710022369739,0.012336,1.0,0.0,3.616169132366113
29.707992116735415,0.17105888013914167,-4.5498330740717385,3.0720449328585864,-1.8449243981997012,-7.322709191521002,65.00564890240204,0.012336,1.0,0.0,3.505698679558692
29.708176943767928,0.12335583018110774,-4.732056400487328,3.0672194239454704,-1.745548326971003,-7.43382416215352,67.8141518523606,0.012336,1.0,0.0,3.3499416259021126
29.70780807786912,0.23471512734354283,-4.013944028641559,2.9873248472350697,-1.9444614284852157,-6.992168532686498,62.434906347053754,0.012336,1.0,0.0,3.6553530445121933
29.70818925165215,-0.08043483685424976,-4.3804699528147335,2.808391755048796,-1.46320240647409,-7.1742249528417785,70.3413734685339,0.012336,1.0,0.0,3.1717255588225073
29.713851796164413,0.1399604792610339,-4.369771209030855,2.880802048704276,-1.5614443026432894,-7.21570562897835,78.0964042407149,0.012336,1.0,0.0,2.8848459170220013
29.70821199422902,0.16034727406115123,-4.356812626593171,2.8906611987618316,-1.5812680442267748,-7.21161040105458,78.0964042407149,0.012336,1.0,0.0,2.8887973462694494
29.708300468229954,0.5298367870348518,-3.987074513432559,3.079089071640215,-2.0880774039021066,-7.042233308323842,70.30551239454206,0.012336,1.0,0.0,3.28934159161217
29.70819155123158,0.28811086001969977,-3.9803563605881584,3.0080332031893846,-2.0002027725084197,-6.981277347364686,62.51317036662444,0.012336,1.0,0.0,3.660605879132587
